م;بيان مكاتب شئون العضوية ;المحافظة;قيمة الايصال;ارقام الايصالات المستلمة;عدد الايصالات المستلمة;اجمالى الإيرادات;المحصل بالبنك;المصروفات
1;مكتب شئون عضوية بالسويس;السويس;43;من 6001 إلى 7000;1000.00;43000;;
2;مكتب شئون عضوية بالعريش;العريش;40;;;0;;
3;مكتب شئون عضوية بأسوان;أسوان;40;;;0;;
4;مكتب شئون عضوية ببنى سويف;بنى سويف;45;;;0;;
5;مكتب شئون عضوية بطنطا;طنطا;40;;;0;;
6;مكتب شئون عضوية بالمنيا;المنيا;40;;;0;;
7;مكتب شئون عضوية بأسيوط;أسيوط;40;;;0;;
8;مكتب شئون عضوية بزفتى;زفتى- الغربية;40;;;0;;
9;مكتب شئون عضوية بكفر صقر;كفر صقر - الشرقية;40;;;0;;
10;مكتب شئون عضوية بمنوف;منوف- المنوفية;40;;;0;;
11;مكتب شئون عضوية بأشمون;أشمون - المنوفية;40;;;0;;
12;مكتب شئون عضوية بكفر الشيخ;كفر الشيخ;40;;;0;;
13;مكتب شئون عضوية بشبرا الخيمة;القليوبية;40;;;0;;
14;مكتب شئون عضوية بفرشوط;فرشوط - قنا;40;;;0;;
15;مكتب شئون عضوية بالمنزلة;المنزلة - الدقهلية;40;;;0;;
16;مكتب شئون عضوية بقليوب;قليوب - قليوبية;40;;;0;;
17;مكتب شئون عضوية بالمنصورة;المنصورة- الدقهلية;30;;;0;;
18;مكتب شئون عضوية بالمنصورة ( ب );المنصورة - الدقهلية;35;;;0;;
19;مكتب شئون عضوية السادس من أكتوبر;السادس من أكتوبر;40;;;0;;
20;مكتب شئون عضوية العاشر من رمضان;العاشر من رمضان;40;;;0;;
21;مكتب شئون عضوية بورسعيد;بورسعيد;40;;;0;;
22;مكتب شئون عضوية بشربين;شربين - الدقهلية;40;;;0;;
23;مكتب شئون عضوية بقوص;قوص - قنا;27;;;0;;
24;مكتب شئون عضوية السنبلاوين;السنبلاوين - الدقهلية;40;;;0;;
25;مكتب شئون عضوية الجيزة;الجيزة;40;;;0;;
26;مكتب شئون عضوية الإسماعيلية;الإسماعيلية;40;;;0;;
27;مكتب شئون عضوية أبو تشت;أبو تشت - قنا;27;;;0;;
28;مكتب شئون عضوية دشنا;دشنا - قنا;27;;;0;;
29;مكتب شئون عضوية بحر الأحمر;البحرالأحمر;27;;;0;;
30;مكتب شئون عضوية قنا;قنا;27;;;0;;
31;مكتب شئون عضوية - نجع حمادي; نجع حمادي - قنا;27;;;0;;
32;مكتب شئون عضوية - قفط; قفط - قنا;27;;;0;;
33;مكتب شئون عضوية - دسوق; دسوق - كفر الشيخ;40;;;0;;
34;مكتب شئون عضوية - أرمنت; أرمنت - الأقصر;27;;;0;;
35;مكتب شئون عضوية دار السلام _ سوهاج;دار السلام _ سوهاج;40;;;0;;
36;مكتب شئون عضوية القاهرة الكبرى;القاهرة الكبرى;40;;;0;;
37;مكتب شئون عضوية دقهلة _ دمياط; دمياط - دقهلية;40;;;0;;
38;مكتب شئون عضوية دمنهور;دمنهور;40;;;0;;
39;مكتب شئون عضوية أبو حماد _ الشرقية;ابو حماد _ الشرقية;40;;;0;;
40;مكتب شئون عضوية طامية;الفيوم;40;;;0;;
41;مكتب شئون عضوية إبشواي;الفيوم;40;;;0;;
42;مكتب شئون عضوية إطسا;الفيوم;40;;;0;;
43;مكتب شئون عضوية سنورس;الفيوم;40;;;0;;
44;مكتب شئون عضوية يوسف الصديق;الفيوم;40;;;0;;
45;مكتب شئون عضوية الحامول;كفر الشيخ;40;;;0;;
46;مكاتب شئون عضوية مطوبس;كفر الشيخ;40;;;0;;
47;مكتب شئون عضوية السادات;السادات - المنوفية;40;;;0;;
48;مكتب شئون عضوية منيا القمح;منيا القمح  _ الشرقية;40;;;0;;
49;مكتب شئون عضوية الحسينية _ الشرقية;الحسينية _ الشرقية;40;;;0;;
50;مكتب شئون عضوية ههيا - الشرقية;ههيا - الشرقية;40;;;0;;
51;مكتب شئون عضوية بمنية النصر- الدقهلية;منية النصر- الدقهلية;40;;;0;;
52;مكتب شئون عضوية بني عبيد - الشرقية;بني عبيد - الشرقية;40;;;0;;
