الرقم;الاسم;المهنة;تاريخ الميلاد;تاريخ الاستحقاق;العمر;القسط الشهري المتفق عليه;مبلغ التأمين عند الاستحقاق
Ser.;Name;Occupation;DoB;Maturity Date;Age;Agreed Monthly Prem.;SI amount at Maturity
1;إبراهيم محمد محمود;عامل تغذية;1964-09-24;2024-09-23;59;75;887.6442117439354
2;هدي محمد مختار عبد الرازق;عامل تشغيل;1965-07-11;2025-07-10;58;75;1844.723149187874
3;إبراهيم طه أبو ضيف;عامل زراعه;1965-08-06;2025-08-05;58;75;1844.723149187874
4;طارق إبراهيم سليمان;عامل محلب;1966-05-07;2026-05-06;58;75;1844.723149187874
5;أمال فاروق عبدالله;عامل محلب;1966-05-28;2026-05-27;58;75;1844.723149187874
6;امل بدوي محمد;عامل محلب;1966-06-07;2026-06-06;58;75;1844.723149187874
7;مسعد صالح محمد جاد;عامل مخزن المنتج التام;1966-06-16;2026-06-15;58;75;1844.723149187874
8;محمد عبد المنعم السيد;عامل مخزن المنتج التام;1966-10-26;2026-10-25;57;75;2876.533926178628
9;حنان عاطف محمود طاهر;عامل مخزن المنتج التام;1966-12-19;2026-12-18;57;75;2876.533926178628
10;أحمد حسني حامد أحمد;عامل إنتاج;1967-02-23;2027-02-22;57;75;2876.533926178628
11;حسين ثابت حسن;تدريب صيفي;1967-04-04;2027-04-03;57;75;2876.533926178628
12;أحمد محمد أحمد مقدونة;عامل مخزن شبرامنت;1967-08-14;2027-08-13;56;75;3988.7557543211005
13;خالد عبد العزيز عفيفي;عامل إنتاج;1967-12-09;2027-12-08;56;75;3988.7557543211005
14;رجب محمد حسان;مدخل بيانات منتج تام;1968-01-15;2028-01-14;56;50;2659.1705028807332
15;أبو نعمان عبد الفتاح محمد;عامل مخزن شبرامنت;1968-01-20;2028-01-19;56;75;3988.7557543211005
16;محمد سعود أمير علي;منسق ثابت;1968-02-17;2028-02-16;56;75;3988.7557543211005
17;حنان ماضي محمود;مندوب مبيعات العبور;1968-08-17;2028-08-16;55;75;5187.473881887533
18;أحمد عبد المنعم السيد;تدريب صيفي;1969-09-08;2029-09-07;54;75;6479.204421415905
19;خالد محمد سليمان;منسق متحرك;1969-09-25;2029-09-24;54;75;6479.204421415905
20;أحمد نعمان محمد نعمان;أشر;1969-11-25;2029-11-24;54;75;6479.204421415905
21;هدي يوسف عبد الراضي;موظف إدارى - نسبة 5%;1970-06-07;2030-06-06;54;75;6479.204421415905
22;محمود محمد علي;أخصائي تسويق;1970-07-21;2030-07-20;53;75;7870.919985274162
23;عماد الدين محمد مبروك;فرد امن;1971-09-27;2031-09-26;52;75;9383.332936348565
24;أيمن أحمد مصطفي سلام;موظف إدارى - نسبة 5%;1971-12-30;2031-12-29;52;75;9383.332936348565
25;محمد محمد عبد الرسول;غفر;1972-04-26;2032-04-25;52;75;9383.332936348565
26;سويلم سلامة سويلم;مهندس محلب;1973-02-11;2033-02-10;51;75;11031.23034048722
27;رأفت إبراهيم عبد السلام;عامل مخزن شبرامنت;1973-05-03;2033-05-02;51;75;11031.23034048722
28;علي علي إبراهيم;عامل تغذية;1973-06-14;2033-06-13;51;75;11031.23034048722
29;مصطفي رمضان حجازي;أمين مخزن المنتج التام;1973-08-04;2033-08-03;50;75;12810.959536956967
30;علاء عبد الحميد توفيق;عامل تغذية;1973-08-19;2033-08-18;50;75;12810.959536956967
31;أيمن عبد الرحمن مأمون;منسق متحرك;1973-09-01;2033-08-31;50;75;12810.959536956967
32;حنان أحمد أحمد دسوقي;منسق ثابت;1973-09-06;2033-09-05;50;75;12810.959536956967
33;شريفة شحات حسن زعتر;عامل بيطرى;1973-09-28;2033-09-27;50;75;12810.959536956967
34;عامر فريد عامر;مساعد اداري;1973-11-24;2033-11-23;50;75;12810.959536956967
35;إبراهيم توفيق مرسي;مهندس تشغيل;1974-03-02;2034-03-01;50;75;12810.959536956967
36;يوسف عبد الغني يوسف;مهندس انتاج;1974-03-27;2034-03-26;50;75;12810.959536956967
37;مصطفي محمد شمندي;مندوب مبيعات العبور;1974-07-14;2034-07-13;49;75;14733.067069144296
38;هشام مصطفي محمد;مصمم جرافيك;1975-02-11;2035-02-10;49;75;14733.067069144296
39;طارق سيد علي خلاف;منسق متحرك;1975-06-13;2035-06-12;49;75;14733.067069144296
40;جمعة زهري زيدان;اخصائي معمل;1975-06-20;2035-06-19;49;75;14733.067069144296
41;حسنين إبراهيم حسنين;منسق متحرك;1975-10-28;2035-10-27;48;75;16808.94320390661
42;سامي فاروق محمود;مسئول وثائق;1976-01-01;2035-12-31;48;75;16808.94320390661
43;الحسيني حامد محمود;مهندس تغذية;1976-11-11;2036-11-10;47;75;19050.889429449904
44;مصطفي ثابت حسن أحمد;عامل إنتاج;1977-02-19;2037-02-18;47;75;19050.889429449904
45;محمد محمد علي أحمد;فنى بيطرى;1977-03-30;2037-03-29;47;75;19050.889429449904
46;أسماء عبد المنعم فراج;مهندس انتاج;1977-04-01;2037-03-31;47;75;19050.889429449904
47;وائل محمد مبروك;أخصائى معمل ألبان;1977-05-04;2037-05-03;47;75;19050.889429449904
48;أحمد ماهر فؤاد;مهندس محلب;1977-10-23;2037-10-22;46;75;21472.191353036673
49;إكرام أبو العزايم محمد;منسق ثابت;1977-12-17;2037-12-16;46;75;21472.191353036673
50;دعاء حسين رمضان;مندوب مبيعات شبرامنت - هوريكا;1978-05-18;2038-05-17;46;75;21472.191353036673
51;طه رمضان حجازي;محاسب مخازن;1979-03-05;2039-03-04;45;50;16058.131620340251
52;هاني عبد الفتاح محمد;محاسب عملاء شبرامنت;1979-11-07;2039-11-06;44;50;17940.935996121316
53;محمد حسين محمود خلاف;منسق موارد بشرية;1980-01-22;2040-01-21;44;50;17940.935996121316
54;هيثم حسين إمام;موظف إدارى - نسبة 5%;1980-06-11;2040-06-10;44;50;17940.935996121316
55;جمال عاطف محمود;عامل بيطرى (تناسليات);1980-08-14;2040-08-13;43;50;19974.364721964866
56;كريم إبراهيم عبد الحميد;عامل بيطرى;1980-10-26;2040-10-25;43;50;19974.364721964866
57;سعيد عبدالعزيز على رمضان;سائق سيارة;1981-01-11;2041-01-10;43;50;19974.364721964866
58;مصطفى عبد الحميد محمد;مهندس تشغيل;1981-08-15;2041-08-14;42;50;22170.467745875907
59;عاطف عبد النظير عبد الشافي;عامل إنتاج;1981-11-22;2041-11-21;42;50;22170.467745875907
60;علي محمد عبد الرحمن;موظف إدارى - نسبة 5%;1982-10-01;2042-09-30;41;50;24542.259011699836
61;أحمد هشام علي السيد;مندوب مبيعات كبار عملاء شبرامنت;1984-06-10;2044-06-09;40;50;27103.793578789664
62;ممدوح جمال محمود مهران;عامل نظافة;1984-09-03;2044-09-02;39;50;29870.25091124668
63;محمد عبد الله أحمد خليل;مهندس صيانه ماكينات إنتاج;1985-03-23;2045-03-22;39;50;29870.25091124668
64;رامي بهاء الدين محمد;مدخل بيانات;1985-12-20;2045-12-19;38;50;32858.02483030027
65;محمود عبد الوهاب عبد الرحيم;منسق متحرك Alex;1987-01-31;2047-01-30;37;50;36084.82066287814
66;محمد خالد ممدوح طيبى;مندوب مبيعات كبار عملاء العبور;1987-12-19;2047-12-18;36;50;39569.76016206223
67;أحمد صالح سنوسي;مندوب مبيعات تجزئة شبرامنت;1988-01-10;2048-01-09;36;50;39569.76016206223
68;مصطفي محمد إبراهيم;عامل إنتاج;1988-04-09;2048-04-08;36;50;39569.76016206223
69;شيماء علاء حمزة مرسي;عامل بيطرى;1988-12-12;2048-12-11;35;50;43333.49482118106
70;محمد سمير أبو الفتوح;أخصائي أول وسائل التواصل الإجتماعى;1989-04-24;2049-04-23;35;50;43333.49482118106
71;احمد حسنى محمد تونى;worker;1990-07-13;2050-07-12;33;50;51788.348359425596
72;أحمد مجدي إبراهيم محمد;محاسب عملاء المزرعه;1991-10-04;2051-10-03;32;50;56529.57007433349
73;محمد حسين ثابت حسن;worker;1996-02-27;2056-02-26;28;50;79603.20422367712
