م;"أســماء اللجنان النقابية 
 بالشـــــــركات";;;;;
1;اللجنه النقابية بشركة المقاولون العرب - القاهره ;;;;;
2;اللجنه النقابية بشركة المقاولون العرب - أسوان ;;;;;
3;اللجنه النقابية بشركة النصر للمقاولات - حسن علام ;;;;;
4;اللجنه النقابية بشركة مصر لاعمال الاسمنت المسلح ;;;;;
5;اللجنه النقابية بشركة القاهره العامه للمقاولات ;;;;;
6;اللجنه النقابية بشركة المقاولات المصريه - مختار ابراهيم ;;;;;
7;اللجنه النقابية بشركة العربية للاساسات - فيبرو ;;;;;
8;اللجنه النقابية بشركة أطلس العامة للمقاولات;;;;;
9;اللجنه النقابية بشركة العامه للانشاءات -رولان;;;;;
10;اللجنه النقابية بشركة الصعيد العامة للمقاولات ;;;;;
11;اللجنه النقابية بشركة النصر للمبانى والانشاءات - أيجيكو القاهره;;;;;
12;اللجنه النقابية بشركة المصرية العامة للمبانى;;;;;
13;اللجنه النقابية بشركة سيجوارت المعصرة ;;;;;
14;اللجنه النقابية بشركة أسمنت بورتلاند طرة ;;;;;
15;اللجنه النقابية بشركة أسمنت بورتلاند حلوان  _اسيك;;;;;
16;اللجنه النقابية بشركة القومية لانتاج الاسمنت ;;;;;
17;اللجنه النقابية بشركة السويس للاسمنت - القاهره ;;;;;
18;اللجنه النقابية بشركة الجيزة العامة للمقاولات ;;;;;
19;اللجنه النقابية بشركة مصر لانتاج الطوب الطفلى ;;;;;
20;اللجنه النقابية بشركة النيل العامه للطرق والكبارى ;;;;;
21;اللجنه النقابية بشركة النيل العامه لانشاء الطرق ;;;;;
22;اللجنه النقابية بشركة النيل العامه للانشاء والرصف;;;;;
23;اللجنه النقابية بشركة النيل العامه للطرق الصحراوية  _القاهرة;;;;;
24;اللجنه النقابية بشركة الهيئة العامه للطرق والكبارى - القاهرة ;;;;;
25;اللجنه النقابية بشركةالتعمير والاستشارات الهندسية ;;;;;
26;اللجنه النقابية بشركة المكتب العربى للتصميمات الهندسية ;;;;;
27;اللجنه النقابية بشركة المعادى للتنمية والتعمير ;;;;;
28;اللجنه النقابية بشركة مدينة نصر للاسكان والتعمير ;;;;;
29;اللجنه النقابية بشركة الشمس للاسكان والتعمير  ;;;;;
30;اللجنه النقابية بشركة النصر للاسكان والتعمير وصيانة المبانى;;;;;
31;اللجنه النقابية بشركة المساهمة المصرية - القاهرة ;;;;;
32;اللجنه النقابية بشركة الصناعات الهندسية والمعمارية - ايكون ;;;;;
33;اللجنه النقابية بشركة العامه لمنتجات الخزف والصينى  ;;;;;
34;اللجنه النقابية بشركة سيجوارت شبرا الخيمة ;;;;;
35;اللجنه النقابية بشركة النيل العامه للطرق الصحراوية - شبرا الخيمة ;;;;;
36;اللجنه النقابية بشركة طرق وكبارى القليوبية ;;;;;
37;اللجنه النقابية بشركة مصنع الطوب الرملى - قويسنا ;;;;;
38;اللجنه النقابية بشركة طرق ونقل طنطا - الغربية ;;;;;
39;اللجنه النقابية بشركة طرق ونقل كفر الشيخ ;;;;;
40;اللجنه النقابية بشركة طرق ونقل دمنهور - بحيرة  ;;;;;
41;اللجنه النقابية بشركةالنصر للمبانى والانشاءات - ايجيكو اسكندرية ;;;;;
42;اللجنه النقابية بشركةأسمنت بورتلاند اسكندرية - بلوسيركل  ;;;;;
43;اللجنه النقابية بشركةالاسكندرية للحراريات - اسكندرية ;;;;;
44;اللجنه النقابية بشركة طرق وكبارى غرب الدلتا - اسكندرية ;;;;;
45;اللجنه النقابية بشركة المعمورة للاسكان والتعمير ;;;;;
46;اللجنه النقابية بشركة المتحده  للاسكان والتعمير ;;;;;
47;اللجنه النقابية بشركة المساهمة المصرية  للمقاولات- العبد المنصورة;;;;;
48;اللجنه النقابية بشركة طرق ونقل الدقهلية ;;;;;
49;اللجنه النقابية بشركة الهيئة العامة للطرق والكبارى - الشرقية _شرق الدلتا;;;;;
50;اللجنه النقابية بشركةطرق ونقل الشرقيه;;;;;
51;اللجنه النقابية طرق وكبارى الاسماعيلية;;;;;
52;اللجنه النقابية منطقة القنال وسيناء بالاسماعيلية;;;;;
53;اللجنه النقابية بالمجموعة الوطنية لاستثمارات الاوقاف (المحمودية سابقا);;;;;
54;اللجنه النقابية بشركة أسمنت أسيوط ;;;;;
55;اللجنه النقابية بشركة طرق وكبارى قنا ;;;;;
56;اللجنه النقابية بشركة المصرية للخرسانة سابقة الاجهاد ;;;;;
57;اللجنه النقابية بشركة العربية للخزف - اراسمكو ;;;;;
58;اللجنه النقابية بشركة طرق ونقل الخارجة الوادى الجديد ;;;;;
59;اللجنه النقابية بشركة بطرق ونقل بنى سويف ;;;;;
60;اللجنه النقابية بشركة الجمعية التعاونية لصناع الاثاث;;;;;
61;اللجنه النقابية بشركة  بطرق وكبارى أسيوط ;;;;;
62;اللجنه النقابية بشركة بمديرية طرق ونقل السويس ;;;;;
63;اللجنه النقابية بشركة بمديرية طرق ونقل الجيزة ;;;;;
64;اللجنه النقابية بشركة أسمنت العامرية ;;;;;
65;اللجنه النقابية بالهيئة العامه لتعاونيات البناء والاسكان ;;;;;
66;اللجنه النقابية بشركة بطرق ونقل المنوفية ;;;;;
67;اللجنه النقابية بشركة مصر الجديدة للاسكان والتعمير ;;;;;
68;اللجنه النقابية بشركة أسمنت بنى سويف  ;;;;;
69;اللجنه النقابية بشركة طرق وكبارى أسوان ;;;;;
70;اللجنه النقابية بشركة سورناجا للسيراميك ;;;;;
71;اللجنه النقابية بشركة المنزل مصر لاعمال المفروشات ;;;;;
72;اللجنه النقابية بشركة الامير لانتاج الاطقم الصحية;;;;;
73;اللجنه النقابية بشركة الفا جروب ;;;;;
74;اللجنه النقابية بشركة  الفا اتنين;;;;;
75;اللجنة النقابية بشركة لافارج اسمنت مصر;;;;;
76;اللجنة النقابية بشركة سيراميكا كلوباترا العاشر من رمضان ;;;;;
77;اللجنه النقابية بشركة سيراميكا فيردى;;;;;
78;اللجنة النقابية بشركة المصرية تنمية مواد البناء ديكوم;;;;;
79;اللجنة النقابية بشركة نجع حمادى للفيبر بورد ;;;;;
80;اللجنة النقابية بشركة الحجاز استيل للصناعات الخشبية ;;;;;
81;اللجنة النقابية بشركة مصر للتعمير;;;;;
82;اللجنة النقابية بطرق وكبارى سيناء ;;;;;
83;اللجنة النقابية باللجنة الادارية لطرق ونقل الاسكندرية ;;;;;
84;اللجنة النقابية بشركة سيراميكا كلوباترا السويس;;;;;
85;اللجنة النقابية بشركة سيراميك لابوتية;;;;;
86;اللجنة النقابية بشركة النيل للتوريدات المعمارية;;;;;
87;اللجنة النقابية شركة لافارج  __ redy mix;;;;;
88;شركة عصفور للتعدين والحراريات;;;;;
89;شركة السويس للاكياس;;;;;
90;شركة سيراميكا ارت;;;;;
91;سراميكا الامير;;;;;
92;شركة اكريلكون;;;;;
93;شركة موبيكا للصناعات المتكاملة;;;;;
94;الشركة المصرية للمقاولات الكهربائية جينى بروسيس;;;;;
95;الشركة المصرية للطوب الطفلى القومية;;;;;
96;شركة اراسكوم لانشاء الطرق;;;;;
97;شركة كليوباترا لصناعات مواد البناء;;;;;
98;شركة موندى كايرو لمواد التغليف;;;;;
;;;;;;
;;;;;;
م;بــيان اللجان النقابية المهنية;;;;;
1;اللجنة المهنية- شبين الكوم ;;;;;
2;اللجنة المهنية – بالمحلة الكبرى ;;;;;
3;اللجنة المهنية-بدمنهور ;;;;;
4;اللجنة المهنية- بالاسكندرية;;;;;
5;اللجنة المهنية – بنى عبيد / دكرنس ;;;;;
6;اللجنة المهنية – ببلقاس ;;;;;
7;اللجنة المهنية- بميت غمر ;;;;;
8;اللجنة المهنية – بأجا ;;;;;
9;اللجنة المهنية-بدمياط;;;;;
10;اللجنة المهنية- بكفر سعد ;;;;;
11;اللجنة المهنية – بفارسكور;;;;;
12;اللجنة المهنية – ببلبيس       ;;;;;
13;اللجنة المهنية- بالفيوم ;;;;;
14;اللجنة المهنية- جرجا ;;;;;
15;اللجنة المهنية – بالأقصر ;;;;;
16;اللجنة المهنية – بسيدى سالم  ;;;;;
17;اللجنة المهنية- فوة;;;;;
18;اللجنة المهنية- بالزقازيق;;;;;
19;اللجنة المهنية- بسوهاج;;;;;
20;اللجنة المهنية – مينا القمح ;;;;;
21;اللجنة المهنية – بفاقوس ;;;;;
22;اللجنة المهنية – بابو كبير ;;;;;
23;اللجنة المهنية – ببنها ;;;;;
24;اللجنة المهنية- بههيا;;;;;
25;اللجنة المهنية – بالمحمودية ;;;;;
26;اللجنة المهنية - بالقاهرة الكبرى ;;;;;
;;;;;;
;;;;;;
م;بيان مكاتب شئون العضوية ;;;;;
1;مكتب شئون عضوية بالسويس;;;;;
2;مكتب شئون عضوية بالعريش;;;;;
3;مكتب شئون عضوية بأسوان;;;;;
4;مكتب شئون عضوية ببنى سويف;;;;;
5;مكتب شئون عضوية بطنطا;;;;;
6;مكتب شئون عضوية بالمنيا;;;;;
7;مكتب شئون عضوية بأسيوط;;;;;
8;مكتب شئون عضوية بزفتى;;;;;
9;مكتب شئون عضوية بكفر صقر;;;;;
10;مكتب شئون عضوية بمنوف;;;;;
11;مكتب شئون عضوية بأشمون;;;;;
12;مكتب شئون عضوية بكفر الشيخ;;;;;
13;مكتب شئون عضوية بشبرا الخيمة;;;;;
14;مكتب شئون عضوية بفرشوط;;;;;
15;مكتب شئون عضوية بالمنزلة;;;;;
16;مكتب شئون عضوية بقليوب;;;;;
17;مكتب شئون عضوية بالمنصورة;;;;;
18;مكتب شئون عضوية بالمنصورة ( ب );;;;;
19;مكتب شئون عضوية السادس من أكتوبر;;;;;
20;مكتب شئون عضوية العاشر من رمضان;;;;;
21;مكتب شئون عضوية بورسعيد;;;;;
22;مكتب شئون عضوية بشربين;;;;;
23;مكتب شئون عضوية بقوص;;;;;
24;مكتب شئون عضوية السنبلاوين;;;;;
25;مكتب شئون عضوية الجيزة;;;;;
26;مكتب شئون عضوية الإسماعيلية;;;;;
27;مكتب شئون عضوية أبو تشت;;;;;
28;مكتب شئون عضوية دشنا;;;;;
29;مكتب شئون عضوية بحر الأحمر;;;;;
30;مكتب شئون عضوية قنا;;;;;
31;مكتب شئون عضوية - نجع حمادي;;;;;
32;مكتب شئون عضوية - قفط;;;;;
33;مكتب شئون عضوية - دسوق;;;;;
34;مكتب شئون عضوية أسوان;;;;;
35;مكتب شئون عضوية - أرمنت;;;;;
36;مكتب شئون عضوية دار السلام _ سوهاج;;;;;
37;مكتب شئون عضوية القاهرة الكبرى;;;;;
38;مكتب شئون عضوية دقهلة _ دمياط;;;;;
39;مكتب شئون عضوية دمنهور;;;;;
40;مكتب شئون عضوية أبو حماد _ الشرقية;;;;;
41;مكتب شئون عضوية طامية;;;;;
42;مكتب شئون عضوية إبشواي;;;;;
43;مكتب شئون عضوية إطسا;;;;;
44;مكتب شئون عضوية سنورس;;;;;
45;مكتب شئون عضوية يوسف الصديق;;;;;
46;مكتب شئون عضوية الحامول;;;;;
47;مكاتب شئون عضوية مطوبس;;;;;
48;مكتب شئون عضوية السادات;;;;;
49;مكتب شئون عضوية منيا القمح;;;;;
50;مكتب شئون عضوية الحسينية _ الشرقية;;;;;
51;مكتب شئون عضوية ههيا;;;;;
53;مكتب شئون عضوية بمنية النصر;;;;;
63;مكتب شئون عضوية بني عبيد;;;;;
;;;;;;
;;;;;;
;;;;;;
;;;;;;
م;اسم الحساب الكلى;الكود كلى;اسم الحساب  الفرعى;كود فرعى;اسم الحساب الكلى;طبيعة الحساب
1;الأصول طويلة الأجل;1000;المخزن;1001;الأصول طويلة الأجل;مدين
2;الأصول طويلة الأجل;1000;أجهزة الكترونية وكهربائية;1002;الأصول المتداولة;مدين
3;الأصول طويلة الأجل;1000;اثاث وأجهزة;1003;نقدية بالبنوك والخزينة;مدين
4;الأصول طويلة الأجل;1000;حاسب الى;1004;الإحتياطيات وفائض العام;دائن
5;الأصول طويلة الأجل;1000;سيارات;1005;مجمع اهلاك أصول ثابتة;دائن
6;الأصول طويلة الأجل;1000;إضافات الأصول من 2003 وحتى 2021;1006;الالتزامات المتداولة;دائن
7;الأصول طويلة الأجل;1000;مبانى وانشاءات;1007;مصروفات النقابـة;مدين
1;الأصول المتداولة;1100;مدينون متنوعون;1101; إيرادات النقابة;دائن
2;الأصول المتداولة;1100;الاتحاد العام;1102;مصـروفات عمومية وإدارية;مدين
3;الأصول المتداولة;1100;جهاز مشروعات أسيوط;1103;;
4;الأصول المتداولة;1100;سلف العاملين;1104;;
5;الأصول المتداولة;1100;مركز التدريب;1105;;
6;الأصول المتداولة;1100;تأمين تكافلى;1106;;
7;الأصول المتداولة;1100;تأمينات للغير;1107;;
8;الأصول المتداولة;1100;المؤسسة الثقافية;1108;;
9;الأصول المتداولة;1100;إيرادات مستحقة;1109;;
10;الأصول المتداولة;1100;مصروفات مدفوعة مقدمة;1110;;
11;الأصول المتداولة;1100;اشتركات لجان الشركات والهيئات;1111;;
12;الأصول المتداولة;1100;مدينون متنوعون فروق تامينية 2021;1112;;
13;الأصول المتداولة;1100;قروض عاملين بنك التنمية 2021;1113;;
14;الأصول المتداولة;1100;عهد وسلف مدينون متنوعون 2021;1114;;
15;الأصول المتداولة;1100;مدينون متنوعون فروق تامينية 2020;1115;;
16;الأصول المتداولة;1100;قروض عاملين بنك التنمية 2020;1116;;
17;الأصول المتداولة;1100;عهد وسلف مدينون متنوعون 2020;1117;;
18;الأصول المتداولة;1100;ارصدة مدينة أخرى;1118;;
19;الأصول المتداولة;1100;المخزن;1119;;
1;نقدية بالبنوك والخزينة;1200;بنك مصر;1201;;
2;نقدية بالبنوك والخزينة;1200;بنك العمال 1;1202;;
3;نقدية بالبنوك والخزينة;1200;بنك العمال 2;1203;;
4;نقدية بالبنوك والخزينة;1200;بنك العمال دولار;1204;;
5;نقدية بالبنوك والخزينة;1200;بنك العمال يورو;1205;;
6;نقدية بالبنوك والخزينة;1200;أذون الخزانة;1206;;
7;نقدية بالبنوك والخزينة;1200;قروض ;1207;;
8;نقدية بالبنوك والخزينة;1200;الودائع;1208;;
9;نقدية بالبنوك والخزينة;1200;استثمارات طويلة الاجل ( اسهم بنك التنمية الصناعية والعمال المصرى );1209;;
1;مجمع اهلاك أصول ثابتة;2100;مجمع اهلاك أجهزة الكترونية وكهربائية;2101;;
2;مجمع اهلاك أصول ثابتة;2100;مجمع اهلاك اثاث وأجهزة;2102;;
3;مجمع اهلاك أصول ثابتة;2100;مجمع اهلاك حاسب الى;2103;;
4;مجمع اهلاك أصول ثابتة;2100;مجمع اهلاك سيارات;2104;;
5;مجمع اهلاك أصول ثابتة;2100;مجمع اهلاك إضافات الأصول من 2003 وحتى 2021;2105;;
6;مجمع اهلاك أصول ثابتة;2100;مجمع اهلاك مبانى وانشاءات;2106;;
1;الالتزامات المتداولة;2200;ضريبة كسب العمل;2201;;
2;الالتزامات المتداولة;2200;ضرائب الخصم والاضافة;2202;;
3;الالتزامات المتداولة;2200;أقساط النفقة;2203;;
4;الالتزامات المتداولة;2200;أقساط قروض بنك التنمية لبعض العاملين;2204;;
5;الالتزامات المتداولة;2200;التأمينات الاجتماعية;2205;;
6;الالتزامات المتداولة;2200;خصم كورونا;2206;;
7;الالتزامات المتداولة;2200;خصم جزاءات;2207;;
8;الالتزامات المتداولة;2200;مهنية دمياط ;2208;;
9;الالتزامات المتداولة;2200;أقساط تامين;2209;;
10;الالتزامات المتداولة;2200;تامين تكافلى;2210;;
11;الالتزامات المتداولة;2200;دمغة;2211;;
12;الالتزامات المتداولة;2200;حصص اللجان النقابية( مستحق );2212;;
13;الالتزامات المتداولة;2200;قروض بنك التنمية و العمال;2213;;
14;الالتزامات المتداولة;2200;تامينات عاملين مستقطعه وتسدد لمكاتب تامينات بالمحافظات;2214;;
1;مصروفات النقابـة;3000;"مناسبات 
متنوعة";3001;;
2;مصروفات النقابـة;3000;علاج ومستلزمات طبية;3002;;
3;مصروفات النقابـة;3000;"مصاريف 
محاماة";3003;;
4;مصروفات النقابـة;3000;مصاريف وساطة ;3004;;
5;مصروفات النقابـة;3000;"بدل 
لتفرغ 
";3005;;
6;مصروفات النقابـة;3000;"بدلات أعضاء مجلس الادارة
";3006;;
7;مصروفات النقابـة;3000;حافزاعياد ومناسبات;3007;;
8;مصروفات النقابـة;3000;تعويضات ومساهمات;3008;;
9;مصروفات النقابـة;3000;اتعاب محاسبة;3009;;
10;مصروفات النقابـة;3000;"بدل 
جلسات";3010;;
11;مصروفات النقابـة;3000;"اشتراكات
 الاتحاد الدولى";3011;;
12;مصروفات النقابـة;3000;مكاتب شئون العضوية;3012;;
13;مصروفات النقابـة;3000;اعانات اجتماعية;3013;;
14;مصروفات النقابـة;3000;لجان ثلاثية;3014;;
15;مصروفات النقابـة;3000;مجمع لجان الإسكندرية;3015;;
16;مصروفات النقابـة;3000;عمارة المعادى;3016;;
17;مصروفات النقابـة;3000;حصص اللجان النقابية بالشركات من الاشتركات;3017;;
18;مصروفات النقابـة;3000;مصروفات مصيف مطروح;3018;;
19;مصروفات النقابـة;3000;مصروفات مصيف جمصة;3019;;
20;مصروفات النقابـة;3000;مصروفات إدارية المقر الرئيسى;3020;;
21;مصروفات النقابـة;3000;"بدلات سفر خارجية
";3021;;
22;مصروفات النقابـة;3000;نشاط اجتماعى وثقافى;3022;;
1; إيرادات النقابة;4000;إيرادات من حصص اللجان المهنية;4001;;
2; إيرادات النقابة;4000; إيرادات من اشتراكات الشركات والهيئات;4002;;
3; إيرادات النقابة;4000;الإيرادات من المطبوعات;4003;;
4; إيرادات النقابة;4000;الإيرادات من عائد الودائع;4004;;
5; إيرادات النقابة;4000;الإيرادات من دعم التثقيف;4005;;
6; إيرادات النقابة;4000;الإيرادات المتنوعة;4006;;
7; إيرادات النقابة;4000; إيرادات مصيف مطروح;4007;;
8; إيرادات النقابة;4000;إيرادات مصيف جمصة;4008;;
9; إيرادات النقابة;4000;إيرادات أبراج توزيع شبكات الاتصالات;4009;;
10; إيرادات النقابة;4000;إيرادات ايجارات شقق عمارة المعادى;4010;;
11; إيرادات النقابة;4000;إيرادات مكاتب شئون العضوية;4011;;
12; إيرادات النقابة;4000;إيرادات مقدمة;4012;;
13; إيرادات النقابة;4000;إيرادات سنوات سابقة;4013;;
1;مصـروفات عمومية وإدارية;5000;"علاقات
 عامة";5001;;
2;مصـروفات عمومية وإدارية;5000;مصاريف اجتماعات;5002;;
3;مصـروفات عمومية وإدارية;5000;رسوم;5003;;
4;مصـروفات عمومية وإدارية;5000;ايجار;5004;;
5;مصـروفات عمومية وإدارية;5000;اكراميات ونثريات;5005;;
6;مصـروفات عمومية وإدارية;5000;اعلانات;5006;;
7;مصـروفات عمومية وإدارية;5000;كهرباء;5007;;
8;مصـروفات عمومية وإدارية;5000;"بريد 
ودمغة";5008;;
9;مصـروفات عمومية وإدارية;5000;غاز;5009;;
10;مصـروفات عمومية وإدارية;5000;تليفون;5010;;
11;مصـروفات عمومية وإدارية;5000;مياه;5011;;
12;مصـروفات عمومية وإدارية;5000;رسوم اشتراك فى الاهرام وصحف;5012;;
13;مصـروفات عمومية وإدارية;5000;ضيافة وبوفيه;5013;;
14;مصـروفات عمومية وإدارية;5000;صيانه;5014;;
15;مصـروفات عمومية وإدارية;5000;"مطبوعات وادوات
 كتابية";5015;;
16;مصـروفات عمومية وإدارية;5000;السيارة;5016;;
17;مصـروفات عمومية وإدارية;5000;بنكية;5017;;
18;مصـروفات عمومية وإدارية;5000;ادوات نظافة ومنظفات;5018;;
19;مصـروفات عمومية وإدارية;5000;مستلزمات طبية ( كورونا );5019;;
20;مصـروفات عمومية وإدارية;5000;بدل سفر وانتقال ;5020;;
21;مصـروفات عمومية وإدارية;5000;انتقالات داخلية  ;5021;;
22;مصـروفات عمومية وإدارية;5000;النت;5022;;
23;مصـروفات عمومية وإدارية;5000;مرتبات ومكافأة شاملة;5023;;
24;مصـروفات عمومية وإدارية;5000;تأمين على الخزينة;5024;;
25;مصـروفات عمومية وإدارية;5000;مكافأت وبدل العمل أيام الاجازات الرسمية;5025;;
26;مصـروفات عمومية وإدارية;5000;مستلزمات كمبيوتر ;5026;;
27;مصـروفات عمومية وإدارية;5000;مستلزمات مكتب رئيس مجلس الإدارة;5027;;
