م;اسم المكتب
1;مكتب شئون عضوية بالسويس
2;مكتب شئون عضوية بالعريش
3;مكتب شئون عضوية بأسوان
4;مكتب شئون عضوية ببنى سويف
5;مكتب شئون عضوية بطنطا
6;مكتب شئون عضوية بالمنيا
7;مكتب شئون عضوية بأسيوط
8;مكتب شئون عضوية بزفتى
9;مكتب شئون عضوية بكفر صقر
10;مكتب شئون عضوية بمنوف
11;مكتب شئون عضوية بأشمون
12;مكتب شئون عضوية بكفر الشيخ
13;مكتب شئون عضوية بشبرا الخيمة
14;مكتب شئون عضوية بفرشوط
15;مكتب شئون عضوية بالمنزلة
16;مكتب شئون عضوية بقليوب
17;مكتب شئون عضوية بالمنصورة
18;مكتب شئون عضوية بالمنصورة ( ب )
19;مكتب شئون عضوية السادس من أكتوبر
20;مكتب شئون عضوية العاشر من رمضان
21;مكتب شئون عضوية بورسعيد
22;مكتب شئون عضوية بشربين
23;مكتب شئون عضوية بقوص
24;مكتب شئون عضوية السنبلاوين
25;مكتب شئون عضوية الجيزة
26;مكتب شئون عضوية الإسماعيلية
27;مكتب شئون عضوية أبو تشت
28;مكتب شئون عضوية دشنا
29;مكتب شئون عضوية بحر الأحمر
30;مكتب شئون عضوية قنا
31;مكتب شئون عضوية - نجع حمادي
32;مكتب شئون عضوية - قفط
33;مكتب شئون عضوية - دسوق
34;مكتب شئون عضوية أسوان
35;مكتب شئون عضوية - أرمنت
36;مكتب شئون عضوية دار السلام _ سوهاج
37;مكتب شئون عضوية القاهرة الكبرى
38;مكتب شئون عضوية دقهلة _ دمياط
39;مكتب شئون عضوية دمنهور
40;مكتب شئون عضوية أبو حماد _ الشرقية
41;مكتب شئون عضوية طامية
42;مكتب شئون عضوية إبشواي
43;مكتب شئون عضوية إطسا
44;مكتب شئون عضوية سنورس
45;مكتب شئون عضوية يوسف الصديق
46;مكتب شئون عضوية الحامول
47;مكاتب شئون عضوية مطوبس
48;مكتب شئون عضوية السادات
49;مكتب شئون عضوية منيا القمح
50;مكتب شئون عضوية الحسينية _ الشرقية
51;مكتب شئون عضوية ههيا
52;مكتب شئون عضوية بمنية النصر
53;مكتب شئون عضوية بني عبيد
54;الأصول طويلة الأجل
55;الأصول المتداولة
56;نقدية بالبنوك والخزينة
57;مجمع اهلاك أصول ثابتة
58;الالتزامات المتداولة
59;مصروفات النقابـة
60;إيرادات النقابة
61;مصـروفات عمومية وإدارية
